Name,Email
Rekha Sethi,rekha.sethi33@gmail.com
Sanjay Kapoor,sanjay.kapoor782@rediffmail.com
Prakash Shukla,prakash.shukla937@gmail.com
Sita Kumar,sita.kumar831@example.com
Meera Bansal,meera.bansal213@example.com
Seema Srivastava,seema.srivastava770@outlook.com
Rekha Khurana,rekha.khurana121@gmail.com
Sita Dubey,sita.dubey261@gmail.com
Seema Joshi,seema.joshi438@gmail.com
Rajesh Tripathi,rajesh.tripathi930@hotmail.com
Pooja Tiwari,pooja.tiwari694@hotmail.com
Ashok Shukla,ashok.shukla179@gmail.com
Anita Bansal,anita.bansal643@hotmail.com
Arjun Gupta,arjun.gupta393@example.com
Anil Joshi,anil.joshi740@rediffmail.com
Ravi Agrawal,ravi.agrawal8@example.com
Kiran Bhatia,kiran.bhatia112@hotmail.com
Ravi Tripathi,ravi.tripathi328@hotmail.com
Radha Gupta,radha.gupta44@yahoo.com
Neha Sethi,neha.sethi257@yahoo.com
Radha Chopra,radha.chopra102@hotmail.com
Sunil Gupta,sunil.gupta785@yahoo.com
Gopal Chauhan,gopal.chauhan689@rediffmail.com
Priya Bansal,priya.bansal669@rediffmail.com
Neha Bhatt,neha.bhatt770@gmail.com
Geeta Malhotra,geeta.malhotra77@rediffmail.com
Sunil Khurana,sunil.khurana534@outlook.com
Vinod Chopra,vinod.chopra53@hotmail.com
Radha Pandey,radha.pandey695@gmail.com
Anil Saxena,anil.saxena175@hotmail.com
Vinod Dubey,vinod.dubey117@outlook.com
Gopal Verma,gopal.verma36@outlook.com
Neha Agarwal,neha.agarwal444@outlook.com
Abhinay Garg,abhinay.garg250@example.com
Nisha Jain,nisha.jain489@hotmail.com
Arjun Verma,arjun.verma957@rediffmail.com
Rekha Agarwal,rekha.agarwal403@yahoo.com
Maya Chauhan,maya.chauhan762@rediffmail.com
Kiran Yadav,kiran.yadav149@hotmail.com
Kiran Bhatia,kiran.bhatia689@yahoo.com
Maya Dubey,maya.dubey510@gmail.com
Abhinay Verma,abhinay.verma521@rediffmail.com
Vinod Chauhan,vinod.chauhan726@example.com
Deepa Gupta,deepa.gupta377@outlook.com
Rekha Yadav,rekha.yadav429@yahoo.com
Sunil Khurana,sunil.khurana259@yahoo.com
Sanjay Tiwari,sanjay.tiwari9@example.com
Ashok Yadav,ashok.yadav103@hotmail.com
Sunita Tripathi,sunita.tripathi651@rediffmail.com
Sita Tripathi,sita.tripathi349@yahoo.com
Lata Chauhan,lata.chauhan429@example.com
Ajay Chauhan,ajay.chauhan97@hotmail.com
Mahesh Gupta,mahesh.gupta539@example.com
Anita Yadav,anita.yadav430@gmail.com
Anita Singh,anita.singh143@outlook.com
Maya Bansal,maya.bansal569@yahoo.com
Sanjay Jain,sanjay.jain309@gmail.com
Sanjay Srivastava,sanjay.srivastava41@gmail.com
Gopal Chauhan,gopal.chauhan911@hotmail.com
Arjun Chopra,arjun.chopra343@example.com
Nisha Kumar,nisha.kumar363@yahoo.com
Sushma Sethi,sushma.sethi545@example.com
Sanjay Bhatia,sanjay.bhatia237@yahoo.com
Meera Gupta,meera.gupta194@outlook.com
Gopal Arora,gopal.arora104@outlook.com
Seema Pandey,seema.pandey159@hotmail.com
Seema Chopra,seema.chopra3@outlook.com
Sanjay Sharma,sanjay.sharma811@yahoo.com
Rajesh Tiwari,rajesh.tiwari67@rediffmail.com
Deepa Dubey,deepa.dubey546@hotmail.com
Anil Bhatt,anil.bhatt305@example.com
Suresh Bhatia,suresh.bhatia689@outlook.com
Sanjay Malhotra,sanjay.malhotra113@gmail.com
Seema Tripathi,seema.tripathi385@outlook.com
Usha Verma,usha.verma822@rediffmail.com
Pooja Chopra,pooja.chopra892@example.com
Anil Tiwari,anil.tiwari619@example.com
Neha Garg,neha.garg676@yahoo.com
Neha Bansal,neha.bansal102@example.com
Pooja Gupta,pooja.gupta689@yahoo.com
Vinod Tripathi,vinod.tripathi788@rediffmail.com
Lata Jain,lata.jain313@rediffmail.com
Seema Sethi,seema.sethi852@rediffmail.com
Kavita Bansal,kavita.bansal97@rediffmail.com
Vikash Bhatt,vikash.bhatt686@gmail.com
Sunita Agrawal,sunita.agrawal246@hotmail.com
Anil Mishra,anil.mishra446@rediffmail.com
Anil Verma,anil.verma70@rediffmail.com
Amit Malhotra,amit.malhotra169@rediffmail.com
Arjun Arora,arjun.arora731@yahoo.com
Vikash Jain,vikash.jain985@example.com
Rajesh Kumar,rajesh.kumar559@example.com
Anil Bhatia,anil.bhatia390@yahoo.com
Suresh Verma,suresh.verma80@example.com
Sushma Garg,sushma.garg346@example.com
Meera Tiwari,meera.tiwari20@gmail.com
Shanti Kapoor,shanti.kapoor728@example.com
Mahesh Srivastava,mahesh.srivastava370@rediffmail.com
Pooja Agarwal,pooja.agarwal539@yahoo.com
Usha Arora,usha.arora365@outlook.com
Abhinay Sethi,abhinay.sethi248@hotmail.com
Vinod Dubey,vinod.dubey398@gmail.com
Ravi Gupta,ravi.gupta831@gmail.com
Shanti Sharma,shanti.sharma803@gmail.com
Abhinay Bhatia,abhinay.bhatia244@yahoo.com
Ramesh Agrawal,ramesh.agrawal64@yahoo.com
Usha Bansal,usha.bansal716@outlook.com
Nisha Garg,nisha.garg152@gmail.com
Sunil Chauhan,sunil.chauhan857@rediffmail.com
Vinod Shukla,vinod.shukla432@outlook.com
Sunita Chopra,sunita.chopra207@rediffmail.com
Maya Tiwari,maya.tiwari74@hotmail.com
Ashok Tiwari,ashok.tiwari329@outlook.com
Meera Arora,meera.arora222@hotmail.com
Kavita Yadav,kavita.yadav707@hotmail.com
Ajay Verma,ajay.verma892@rediffmail.com
Sunil Joshi,sunil.joshi38@hotmail.com
Meera Sharma,meera.sharma257@hotmail.com
Suresh Khurana,suresh.khurana641@hotmail.com
Seema Sharma,seema.sharma661@yahoo.com
Usha Bhatia,usha.bhatia323@hotmail.com
Ramesh Garg,ramesh.garg851@example.com
Suresh Sethi,suresh.sethi568@outlook.com
Ajay Saxena,ajay.saxena807@hotmail.com
Usha Gupta,usha.gupta847@outlook.com
Anita Kapoor,anita.kapoor744@outlook.com
Suresh Chauhan,suresh.chauhan679@rediffmail.com
Lata Garg,lata.garg509@yahoo.com
Sita Kumar,sita.kumar707@gmail.com
Abhinay Tiwari,abhinay.tiwari744@yahoo.com
Sunita Srivastava,sunita.srivastava994@hotmail.com
Anita Sethi,anita.sethi85@outlook.com
Usha Shukla,usha.shukla758@hotmail.com
Rekha Verma,rekha.verma606@example.com
Sita Shukla,sita.shukla123@gmail.com
Mahesh Bhatt,mahesh.bhatt484@yahoo.com
Arjun Jain,arjun.jain695@outlook.com
Prakash Bhatia,prakash.bhatia70@example.com
Anil Tripathi,anil.tripathi419@outlook.com
Kiran Chauhan,kiran.chauhan603@gmail.com
Ravi Saxena,ravi.saxena287@outlook.com
Prakash Khurana,prakash.khurana230@outlook.com
Vikash Yadav,vikash.yadav914@example.com
Sunita Joshi,sunita.joshi950@hotmail.com
Shanti Agrawal,shanti.agrawal438@rediffmail.com
Lata Bansal,lata.bansal765@example.com
Rekha Khurana,rekha.khurana37@rediffmail.com
Suresh Joshi,suresh.joshi414@rediffmail.com
Arjun Kumar,arjun.kumar600@gmail.com
Sunita Tripathi,sunita.tripathi100@example.com
Anita Bhatt,anita.bhatt529@example.com
Manish Shukla,manish.shukla129@hotmail.com
Sita Chauhan,sita.chauhan144@yahoo.com
Meera Jain,meera.jain257@yahoo.com
Abhinay Gupta,abhinay.gupta186@hotmail.com
Sanjay Rastogi,sanjay.rastogi352@hotmail.com
Sunita Kapoor,sunita.kapoor793@example.com
Sunita Chauhan,sunita.chauhan813@yahoo.com
Sita Joshi,sita.joshi917@example.com
Seema Srivastava,seema.srivastava254@hotmail.com
Geeta Tripathi,geeta.tripathi196@example.com
Prakash Malhotra,prakash.malhotra83@outlook.com
Anita Tiwari,anita.tiwari199@hotmail.com
Sushma Bhatia,sushma.bhatia159@outlook.com
Abhinay Pandey,abhinay.pandey100@yahoo.com
Sunita Rastogi,sunita.rastogi560@rediffmail.com
Sita Sharma,sita.sharma753@yahoo.com
Anil Bhatia,anil.bhatia558@outlook.com
Sunil Verma,sunil.verma67@yahoo.com
Anita Chopra,anita.chopra311@yahoo.com
Rekha Bhatt,rekha.bhatt841@hotmail.com
Prakash Bhatt,prakash.bhatt147@example.com
Radha Malhotra,radha.malhotra550@yahoo.com
Arjun Srivastava,arjun.srivastava743@example.com
Anita Joshi,anita.joshi982@gmail.com
Nisha Gupta,nisha.gupta310@outlook.com
Meera Bhatia,meera.bhatia884@gmail.com
Anil Shukla,anil.shukla8@gmail.com
Anita Shukla,anita.shukla802@gmail.com
Kavita Bhatt,kavita.bhatt798@rediffmail.com
Geeta Kapoor,geeta.kapoor789@yahoo.com
Vinod Arora,vinod.arora856@example.com
Sunita Mishra,sunita.mishra213@hotmail.com
Sanjay Chauhan,sanjay.chauhan473@hotmail.com
Mahesh Shukla,mahesh.shukla54@hotmail.com
Rajesh Jain,rajesh.jain102@yahoo.com
Ravi Yadav,ravi.yadav831@yahoo.com
Sita Pandey,sita.pandey585@hotmail.com
Meera Garg,meera.garg891@example.com
Prakash Malhotra,prakash.malhotra343@example.com
Suresh Yadav,suresh.yadav818@gmail.com
Gopal Sharma,gopal.sharma754@hotmail.com
Abhinay Malhotra,abhinay.malhotra259@gmail.com
Vinod Bansal,vinod.bansal44@example.com
Manish Singh,manish.singh41@hotmail.com
Arjun Sharma,arjun.sharma23@example.com
Geeta Agarwal,geeta.agarwal615@hotmail.com
Radha Jain,radha.jain180@rediffmail.com
Mohan Chopra,mohan.chopra480@rediffmail.com
Meera Malhotra,meera.malhotra156@hotmail.com
Sunita Jain,sunita.jain196@gmail.com
Sunil Agarwal,sunil.agarwal261@gmail.com
Rahul Agrawal,rahul.agrawal341@outlook.com
Priya Tiwari,priya.tiwari658@outlook.com
Rahul Yadav,rahul.yadav198@rediffmail.com
Amit Bhatt,amit.bhatt370@example.com
Sita Chopra,sita.chopra874@hotmail.com
Nisha Yadav,nisha.yadav105@yahoo.com
Abhinay Malhotra,abhinay.malhotra73@gmail.com
Abhinay Singh,abhinay.singh670@gmail.com
Pooja Srivastava,pooja.srivastava671@example.com
Vinod Yadav,vinod.yadav606@rediffmail.com
Deepa Joshi,deepa.joshi367@gmail.com
Sita Garg,sita.garg939@example.com
Priya Srivastava,priya.srivastava14@hotmail.com
Nisha Verma,nisha.verma825@outlook.com
Mohan Yadav,mohan.yadav535@outlook.com
Rekha Sharma,rekha.sharma653@example.com
Sunil Verma,sunil.verma226@gmail.com
Deepa Malhotra,deepa.malhotra968@example.com
Sita Jain,sita.jain997@example.com
Ravi Chauhan,ravi.chauhan204@example.com
Gopal Kumar,gopal.kumar678@example.com
Anita Agrawal,anita.agrawal440@example.com
Nisha Bhatia,nisha.bhatia442@example.com
Sita Bansal,sita.bansal96@gmail.com
Kiran Kumar,kiran.kumar707@example.com
Arjun Khurana,arjun.khurana476@rediffmail.com
Anil Arora,anil.arora459@rediffmail.com
Vinod Saxena,vinod.saxena47@outlook.com
Sita Yadav,sita.yadav103@outlook.com
Ajay Chopra,ajay.chopra219@yahoo.com
Geeta Sharma,geeta.sharma382@gmail.com
Nisha Garg,nisha.garg867@gmail.com
Deepa Pandey,deepa.pandey657@yahoo.com
Priya Pandey,priya.pandey150@gmail.com
Ashok Tiwari,ashok.tiwari826@yahoo.com
Prakash Srivastava,prakash.srivastava496@gmail.com
Sushma Dubey,sushma.dubey349@yahoo.com
Pooja Saxena,pooja.saxena849@outlook.com
Abhinay Dubey,abhinay.dubey218@rediffmail.com
Rajesh Agrawal,rajesh.agrawal280@hotmail.com
Ravi Kumar,ravi.kumar422@outlook.com
Sunil Malhotra,sunil.malhotra818@example.com
Vinod Chopra,vinod.chopra496@gmail.com
Deepa Kumar,deepa.kumar527@example.com
Mahesh Mishra,mahesh.mishra83@hotmail.com
Mahesh Malhotra,mahesh.malhotra159@hotmail.com
Usha Arora,usha.arora607@example.com
Sanjay Saxena,sanjay.saxena309@hotmail.com
Priya Chauhan,priya.chauhan707@hotmail.com
Ajay Agrawal,ajay.agrawal103@rediffmail.com
Maya Bansal,maya.bansal474@hotmail.com
Priya Arora,priya.arora515@example.com
Sunita Bhatia,sunita.bhatia487@gmail.com
Sushma Bhatt,sushma.bhatt960@example.com
Priya Mishra,priya.mishra144@gmail.com
Sunil Mishra,sunil.mishra218@hotmail.com
Ravi Tiwari,ravi.tiwari58@gmail.com
Usha Bhatia,usha.bhatia129@example.com
Sanjay Gupta,sanjay.gupta661@rediffmail.com
Sanjay Agarwal,sanjay.agarwal547@outlook.com
Priya Joshi,priya.joshi977@hotmail.com
Kiran Bhatt,kiran.bhatt615@gmail.com
Rekha Sethi,rekha.sethi948@gmail.com
Neha Arora,neha.arora65@gmail.com
Sanjay Gupta,sanjay.gupta883@example.com
Mohan Srivastava,mohan.srivastava890@yahoo.com
Sita Gupta,sita.gupta682@rediffmail.com
Sita Yadav,sita.yadav613@hotmail.com
Sita Arora,sita.arora801@yahoo.com
Priya Kumar,priya.kumar895@rediffmail.com
Meera Pandey,meera.pandey84@yahoo.com
Ravi Sethi,ravi.sethi869@gmail.com
Geeta Garg,geeta.garg652@example.com
Ramesh Arora,ramesh.arora362@yahoo.com
Rekha Garg,rekha.garg705@example.com
Arjun Mishra,arjun.mishra106@outlook.com
Sita Agarwal,sita.agarwal14@example.com
Prakash Joshi,prakash.joshi2@hotmail.com
Neha Dubey,neha.dubey865@yahoo.com
Nisha Verma,nisha.verma254@outlook.com
Lata Gupta,lata.gupta549@yahoo.com
Rahul Garg,rahul.garg217@outlook.com
Rajesh Bhatia,rajesh.bhatia466@hotmail.com
Lata Rastogi,lata.rastogi800@hotmail.com
Maya Agarwal,maya.agarwal200@hotmail.com
Deepa Bhatt,deepa.bhatt176@outlook.com
Ramesh Singh,ramesh.singh951@hotmail.com
Sita Agrawal,sita.agrawal291@gmail.com
Anita Sethi,anita.sethi316@example.com
Lata Singh,lata.singh198@example.com
Radha Dubey,radha.dubey252@gmail.com
Maya Garg,maya.garg988@yahoo.com
Manish Arora,manish.arora512@rediffmail.com
Shanti Agrawal,shanti.agrawal591@yahoo.com
Gopal Khurana,gopal.khurana493@example.com
Sushma Tiwari,sushma.tiwari793@gmail.com
Manish Rastogi,manish.rastogi383@example.com
Rekha Chauhan,rekha.chauhan964@gmail.com
Sunita Verma,sunita.verma988@gmail.com
Sanjay Chauhan,sanjay.chauhan177@yahoo.com
Arjun Chopra,arjun.chopra918@example.com
Kiran Tiwari,kiran.tiwari654@hotmail.com
Ajay Verma,ajay.verma926@example.com
Ashok Yadav,ashok.yadav394@gmail.com
Seema Bansal,seema.bansal611@hotmail.com
Ramesh Rastogi,ramesh.rastogi336@yahoo.com
Ravi Arora,ravi.arora262@example.com
Ajay Srivastava,ajay.srivastava442@yahoo.com
Neha Shukla,neha.shukla805@yahoo.com
Abhinay Kapoor,abhinay.kapoor65@hotmail.com
Rahul Bhatt,rahul.bhatt967@gmail.com
Radha Chopra,radha.chopra421@example.com
Neha Gupta,neha.gupta681@yahoo.com
Sanjay Verma,sanjay.verma627@hotmail.com
Sita Srivastava,sita.srivastava757@gmail.com
Vikash Joshi,vikash.joshi934@outlook.com
Sushma Pandey,sushma.pandey295@example.com
Kiran Kumar,kiran.kumar55@outlook.com
Nisha Tripathi,nisha.tripathi584@outlook.com
Prakash Garg,prakash.garg678@rediffmail.com
Prakash Mishra,prakash.mishra175@gmail.com
Lata Arora,lata.arora260@hotmail.com
Radha Tiwari,radha.tiwari674@yahoo.com
Lata Dubey,lata.dubey143@example.com
Shanti Sharma,shanti.sharma687@rediffmail.com
Pooja Dubey,pooja.dubey185@example.com
Mohan Tripathi,mohan.tripathi372@example.com
Nisha Shukla,nisha.shukla572@yahoo.com
Lata Kumar,lata.kumar148@hotmail.com
Shanti Yadav,shanti.yadav522@rediffmail.com
Rajesh Verma,rajesh.verma192@rediffmail.com
Gopal Chauhan,gopal.chauhan610@outlook.com
Lata Joshi,lata.joshi244@example.com
Nisha Malhotra,nisha.malhotra26@example.com
Prakash Sharma,prakash.sharma66@yahoo.com
Sunita Gupta,sunita.gupta419@example.com
Vikash Joshi,vikash.joshi143@outlook.com
Vikash Chopra,vikash.chopra346@hotmail.com
Abhinay Agrawal,abhinay.agrawal374@rediffmail.com
Gopal Agarwal,gopal.agarwal552@example.com
Ashok Sharma,ashok.sharma402@hotmail.com
Anil Gupta,anil.gupta914@rediffmail.com
Lata Sethi,lata.sethi619@yahoo.com
Nisha Chopra,nisha.chopra919@example.com
Vinod Sethi,vinod.sethi26@gmail.com
Sushma Garg,sushma.garg967@example.com
Rahul Bansal,rahul.bansal710@hotmail.com
Radha Verma,radha.verma136@example.com
Lata Malhotra,lata.malhotra952@hotmail.com
Usha Singh,usha.singh916@gmail.com
Prakash Kumar,prakash.kumar198@yahoo.com
Meera Kapoor,meera.kapoor750@rediffmail.com
Meera Yadav,meera.yadav245@outlook.com
Seema Jain,seema.jain757@gmail.com
Sunil Kapoor,sunil.kapoor312@yahoo.com
Sunil Agrawal,sunil.agrawal596@hotmail.com
Anil Sethi,anil.sethi747@example.com
Priya Verma,priya.verma809@example.com
Mahesh Srivastava,mahesh.srivastava833@rediffmail.com
Meera Mishra,meera.mishra945@example.com
Kavita Malhotra,kavita.malhotra837@rediffmail.com
Maya Dubey,maya.dubey855@example.com
Sita Garg,sita.garg919@gmail.com
Anita Bansal,anita.bansal219@example.com
Radha Tripathi,radha.tripathi875@rediffmail.com
Anil Tiwari,anil.tiwari972@yahoo.com
Nisha Pandey,nisha.pandey799@hotmail.com
Mohan Singh,mohan.singh749@hotmail.com
Meera Yadav,meera.yadav797@example.com
Pooja Kapoor,pooja.kapoor846@hotmail.com
Nisha Khurana,nisha.khurana679@rediffmail.com
Amit Saxena,amit.saxena420@yahoo.com
Gopal Sethi,gopal.sethi821@rediffmail.com
Sushma Mishra,sushma.mishra295@hotmail.com
Kiran Kumar,kiran.kumar169@outlook.com
Anil Jain,anil.jain3@gmail.com
Ajay Bhatt,ajay.bhatt310@rediffmail.com
Ashok Tripathi,ashok.tripathi648@example.com
Ashok Khurana,ashok.khurana708@rediffmail.com
Lata Sharma,lata.sharma698@gmail.com
Prakash Pandey,prakash.pandey733@yahoo.com
Maya Tiwari,maya.tiwari621@hotmail.com
Deepa Dubey,deepa.dubey508@rediffmail.com
Nisha Chopra,nisha.chopra439@outlook.com
Deepa Chopra,deepa.chopra915@example.com
Nisha Gupta,nisha.gupta328@yahoo.com
Kavita Singh,kavita.singh89@outlook.com
Kiran Yadav,kiran.yadav574@example.com
Pooja Tiwari,pooja.tiwari491@gmail.com
Usha Sharma,usha.sharma997@outlook.com
Gopal Sethi,gopal.sethi431@gmail.com
Arjun Dubey,arjun.dubey387@hotmail.com
Gopal Agarwal,gopal.agarwal540@yahoo.com
Vikash Jain,vikash.jain384@outlook.com
Vikash Saxena,vikash.saxena196@outlook.com
Pooja Singh,pooja.singh767@example.com
Neha Sethi,neha.sethi378@gmail.com
Anil Rastogi,anil.rastogi341@gmail.com
Deepa Chauhan,deepa.chauhan291@rediffmail.com
Kavita Pandey,kavita.pandey107@rediffmail.com
Kavita Kumar,kavita.kumar733@outlook.com
Usha Yadav,usha.yadav535@rediffmail.com
Maya Pandey,maya.pandey566@outlook.com
Ravi Chauhan,ravi.chauhan275@example.com
Arjun Singh,arjun.singh497@rediffmail.com
Meera Kapoor,meera.kapoor573@hotmail.com
Kiran Bansal,kiran.bansal377@outlook.com
Usha Agrawal,usha.agrawal468@outlook.com
Rahul Mishra,rahul.mishra9@hotmail.com
Radha Agarwal,radha.agarwal315@gmail.com
Radha Chauhan,radha.chauhan623@gmail.com
Anil Mishra,anil.mishra273@hotmail.com
Neha Chopra,neha.chopra25@outlook.com
Mohan Bansal,mohan.bansal968@yahoo.com
Gopal Joshi,gopal.joshi917@outlook.com
Anita Jain,anita.jain959@outlook.com
Kiran Arora,kiran.arora814@gmail.com
Usha Srivastava,usha.srivastava566@gmail.com
Suresh Jain,suresh.jain932@rediffmail.com
Anita Chopra,anita.chopra737@rediffmail.com
Sita Joshi,sita.joshi580@hotmail.com
Radha Tiwari,radha.tiwari159@rediffmail.com
Sunita Pandey,sunita.pandey858@hotmail.com
Prakash Jain,prakash.jain150@hotmail.com
Deepa Tiwari,deepa.tiwari548@example.com
Amit Saxena,amit.saxena990@yahoo.com
Abhinay Chopra,abhinay.chopra711@rediffmail.com
Anita Agarwal,anita.agarwal829@yahoo.com
Amit Sethi,amit.sethi149@example.com
Sunita Sharma,sunita.sharma264@hotmail.com
Arjun Joshi,arjun.joshi586@outlook.com
Pooja Srivastava,pooja.srivastava109@gmail.com
Priya Malhotra,priya.malhotra636@rediffmail.com
Vinod Tripathi,vinod.tripathi77@example.com
Rahul Bansal,rahul.bansal828@gmail.com
Nisha Agrawal,nisha.agrawal222@example.com
Rekha Bansal,rekha.bansal550@rediffmail.com
Sanjay Shukla,sanjay.shukla884@example.com
Anil Jain,anil.jain724@example.com
Priya Shukla,priya.shukla259@yahoo.com
Mohan Joshi,mohan.joshi794@example.com
Vinod Chauhan,vinod.chauhan156@rediffmail.com
Geeta Agrawal,geeta.agrawal12@rediffmail.com
Ashok Chauhan,ashok.chauhan608@rediffmail.com
Vinod Yadav,vinod.yadav171@yahoo.com
Mohan Gupta,mohan.gupta265@gmail.com
Kavita Arora,kavita.arora703@example.com
Sunil Shukla,sunil.shukla270@example.com
Sushma Sharma,sushma.sharma404@rediffmail.com
Mahesh Kumar,mahesh.kumar357@yahoo.com
Suresh Singh,suresh.singh918@hotmail.com
Mohan Sethi,mohan.sethi721@outlook.com
Pooja Rastogi,pooja.rastogi625@gmail.com
Deepa Yadav,deepa.yadav868@example.com
Sita Khurana,sita.khurana582@gmail.com
Radha Chopra,radha.chopra663@rediffmail.com
Shanti Gupta,shanti.gupta307@hotmail.com
Kiran Verma,kiran.verma536@outlook.com
Suresh Agarwal,suresh.agarwal595@yahoo.com
Nisha Sethi,nisha.sethi934@hotmail.com
Arjun Bhatt,arjun.bhatt412@example.com
Seema Sethi,seema.sethi46@outlook.com
Mahesh Bansal,mahesh.bansal98@rediffmail.com
Manish Kapoor,manish.kapoor737@rediffmail.com
Mohan Shukla,mohan.shukla66@gmail.com
Rahul Chopra,rahul.chopra292@example.com
Vikash Chauhan,vikash.chauhan730@rediffmail.com
Mahesh Arora,mahesh.arora111@yahoo.com
Suresh Singh,suresh.singh709@rediffmail.com
Kiran Yadav,kiran.yadav869@hotmail.com
Rajesh Shukla,rajesh.shukla877@rediffmail.com
Sita Kumar,sita.kumar508@example.com
Neha Sethi,neha.sethi371@example.com
Suresh Joshi,suresh.joshi68@example.com
Rahul Agarwal,rahul.agarwal805@example.com
Manish Garg,manish.garg637@rediffmail.com
Prakash Shukla,prakash.shukla647@yahoo.com
Ajay Agarwal,ajay.agarwal754@example.com
Pooja Shukla,pooja.shukla272@yahoo.com
Radha Kumar,radha.kumar441@example.com
Anita Agrawal,anita.agrawal101@yahoo.com
Sanjay Agrawal,sanjay.agrawal579@gmail.com
Kavita Tiwari,kavita.tiwari566@example.com
Rahul Chopra,rahul.chopra88@hotmail.com
Lata Jain,lata.jain821@outlook.com
Meera Verma,meera.verma261@gmail.com
Shanti Bhatia,shanti.bhatia706@gmail.com
Pooja Chopra,pooja.chopra228@outlook.com
Anil Agrawal,anil.agrawal834@gmail.com
Sanjay Singh,sanjay.singh687@gmail.com
Lata Tiwari,lata.tiwari786@hotmail.com
Amit Bhatt,amit.bhatt92@gmail.com
Nisha Tripathi,nisha.tripathi145@rediffmail.com
Pooja Jain,pooja.jain602@yahoo.com
Geeta Sethi,geeta.sethi238@hotmail.com
Kavita Shukla,kavita.shukla517@gmail.com
Gopal Bhatt,gopal.bhatt103@hotmail.com
Amit Bhatia,amit.bhatia196@hotmail.com
